metric,value
mse,0.035867569635352856
auc,0.8842796266233767
brier,0.03720064324591786
thresh,0.21
kappa,0.400885651768478
sensitivity,0.4609375
specificity,0.9662337662337662
