metric,value
mse,0.09017906619143232
auc,0.7925871909829129
brier,0.09093118383060635
thresh,0.22
kappa,0.28836428807890313
sensitivity,0.4669421487603306
specificity,0.8741830065359477
