metric,value
mse,0.09007299223255151
auc,0.7927469886026036
brier,0.0905846968238691
thresh,0.19
kappa,0.29483546726482374
sensitivity,0.5495867768595041
specificity,0.8415032679738562
